profile_0.xml;34;34;21
profile_1.xml;34;34;22
profile_2.xml;34;34;27
profile_0.xml;34;34;26
profile_1.xml;34;34;23
profile_2.xml;34;34;27
profile_0.xml;34;34;28
profile_1.xml;34;34;27
profile_2.xml;34;34;27
profile_0.xml;34;34;24
profile_1.xml;34;34;29
profile_2.xml;34;34;26
profile_0.xml;34;34;27
profile_1.xml;34;34;26
profile_2.xml;34;34;23
profile_0.xml;41;41;31
profile_1.xml;41;41;30
profile_2.xml;41;41;29
profile_3.xml;41;41;27
profile_4.xml;41;41;32
profile_5.xml;41;41;33
profile_6.xml;41;41;32
profile_7.xml;41;41;31
profile_8.xml;41;41;28
profile_9.xml;41;41;29
profile_0.xml;41;41;28
profile_1.xml;41;41;30
profile_2.xml;41;41;27
profile_3.xml;41;41;27
profile_4.xml;41;41;23
profile_5.xml;41;41;24
profile_6.xml;41;41;33
profile_7.xml;41;41;29
profile_8.xml;41;41;35
profile_9.xml;41;41;26
profile_0.xml;41;41;34
profile_1.xml;41;41;29
profile_2.xml;41;41;26
profile_0.xml;41;41;33
profile_1.xml;41;41;25
profile_2.xml;41;41;27
profile_0.xml;41;41;29
profile_1.xml;41;41;27
profile_2.xml;41;41;29
profile_0.xml;41;41;30
profile_1.xml;41;41;29
profile_2.xml;41;41;29
profile_0.xml;41;41;24
profile_1.xml;41;41;25
profile_0.xml;41;41;29
profile_1.xml;41;41;30
profile_2.xml;41;41;35
profile_0.xml;41;41;33
profile_1.xml;41;41;28
profile_2.xml;41;41;25
profile_0.xml;41;41;30
profile_1.xml;41;41;29
profile_2.xml;41;41;24
profile_0.xml;41;41;31
profile_1.xml;41;41;31
profile_2.xml;41;41;32
profile_0.xml;41;41;29
profile_1.xml;41;41;33
profile_2.xml;41;41;30
profile_0.xml;41;41;32
profile_1.xml;41;41;36
profile_2.xml;41;41;30
profile_0.xml;41;41;31
profile_1.xml;41;41;25
profile_2.xml;41;41;29
profile_3.xml;41;41;29
profile_4.xml;41;41;29
profile_5.xml;41;41;33
profile_6.xml;41;41;31
profile_7.xml;41;41;30
profile_8.xml;41;41;29
profile_9.xml;41;41;30
profile_0.xml;41;41;30
profile_1.xml;41;41;28
profile_2.xml;41;41;31
profile_0.xml;41;41;31
profile_1.xml;41;41;26
profile_2.xml;41;41;25
profile_0.xml;41;41;30
profile_1.xml;41;41;28
profile_2.xml;41;41;30
profile_0.xml;41;41;32
profile_1.xml;41;41;30
profile_2.xml;41;41;30
profile_0.xml;41;41;28
profile_1.xml;41;41;29
profile_2.xml;41;41;31
profile_0.xml;41;41;33
profile_1.xml;41;41;31
profile_2.xml;41;41;30
profile_0.xml;41;41;34
profile_1.xml;41;41;30
profile_2.xml;41;41;28
profile_0.xml;41;41;33
profile_1.xml;41;41;27
profile_2.xml;41;41;28
profile_0.xml;41;41;32
profile_1.xml;41;41;25
profile_2.xml;41;41;30
profile_0.xml;41;41;30
profile_1.xml;41;41;31
profile_2.xml;41;41;30
profile_0.xml;41;41;28
profile_1.xml;41;41;23
profile_2.xml;41;41;27
